[{"model": "orderonline.menucategory", "pk": 1, "fields": {"name": "breakfast", "friendly_name": "Breakfast"}}, {"model": "orderonline.menucategory", "pk": 2, "fields": {"name": "sandwiches", "friendly_name": "Sandwiches"}}, {"model": "orderonline.menucategory", "pk": 3, "fields": {"name": "beverages", "friendly_name": "Beverages"}}, {"model": "orderonline.menucategory", "pk": 4, "fields": {"name": "cold_drinks", "friendly_name": "Cold Drinks"}}, {"model": "orderonline.menucategory", "pk": 5, "fields": {"name": "cakes", "friendly_name": "Cakes"}}, {"model": "orderonline.menucategory", "pk": 6, "fields": {"name": "salads", "friendly_name": "Salads"}}, {"model": "orderonline.menuitem", "pk": 1, "fields": {"category": 1, "sku": "BR01", "name": "Dubliner", "description": "Sausages, Rashers, Beans, Hashbrown, Mushrooms, Tomato, White or Brown Toast, Fried or Scrambled Egg.", "allergens": "", "price": "14.95", "rating": null, "image_url": null, "image": "menu_items/Dubliner_0zm4iaC.jpg"}}, {"model": "orderonline.menuitem", "pk": 2, "fields": {"category": 1, "sku": "BR02", "name": "Vegetarian Choice", "description": "Avocado, Tomato, Mushrooms, Hasbrowns, Mixed Leaves, Beans, White or Brown Toast, Fried or Scrambled Egg.", "allergens": "", "price": "13.95", "rating": null, "image_url": null, "image": "menu_items/Vegetarian_Choice.jpg"}}, {"model": "orderonline.menuitem", "pk": 3, "fields": {"category": 1, "sku": "BR03", "name": "Avocado Toast", "description": "Homemade pesto, honey, smashed avocados, chilli\r\nflakes,mixed leaves, sourdough bread", "allergens": "", "price": "7.00", "rating": null, "image_url": null, "image": "menu_items/AvocadoToast.jpg"}}, {"model": "orderonline.menuitem", "pk": 4, "fields": {"category": 1, "sku": "BR04", "name": "Breakfast Bagel", "description": "Sausage bacon, fried/ scrambled egg, butter", "allergens": "", "price": "8.99", "rating": null, "image_url": null, "image": "menu_items/BrekkieBagel_bnQcckV.jpg"}}, {"model": "orderonline.menuitem", "pk": 5, "fields": {"category": 1, "sku": "BR05", "name": "Veggie Bagel", "description": "Cheese, Avocado, Fried or Scrambled eggs, Butter and Leaves", "allergens": "", "price": "8.50", "rating": null, "image_url": null, "image": "menu_items/VeggieBagel.jpg"}}, {"model": "orderonline.menuitem", "pk": 6, "fields": {"category": 1, "sku": "BR06", "name": "Omelette", "description": "Choose 1topping from bacon /ham /chicken\r\nChoose 2 toppings from onion/ tomato/peppers/\r\nOlives/Sundried tomato/\r\nChoose side salad/sourdough toast", "allergens": "", "price": "9.95", "rating": null, "image_url": null, "image": "menu_items/noimage_rfT651K.png"}}, {"model": "orderonline.menuitem", "pk": 7, "fields": {"category": 1, "sku": "BR07", "name": "Eggs Benedict", "description": "Free Range Eggs, Honey Roasted Ham, English Muffin , Hollandaise Sauce, Chili Flakes.", "allergens": "", "price": "11.95", "rating": null, "image_url": null, "image": "menu_items/noimage_AjinjbM.png"}}, {"model": "orderonline.menuitem", "pk": 8, "fields": {"category": 1, "sku": "BR08", "name": "Eggs Royale", "description": "Free Range Eggs , Irish Smoked Salmon, English Muffin, Hollandaise Sauce, Chili Flakes", "allergens": "", "price": "11.95", "rating": null, "image_url": null, "image": "menu_items/noimage_k7pk3Xg.png"}}, {"model": "orderonline.menuitem", "pk": 9, "fields": {"category": 1, "sku": "BR09", "name": "Pancakes", "description": "Served with Streaky Bacon or Seasonal Fruit(Strawberry, Banana, Blueberry), Maple Syrup.", "allergens": "", "price": "11.95", "rating": null, "image_url": null, "image": "menu_items/Pancakes_T2teT0n.jpg"}}, {"model": "orderonline.menuitem", "pk": 10, "fields": {"category": 1, "sku": "BR10", "name": "French Toast", "description": "Served with Streaky Bacon or Seasonal Fruits (Strawberry, Banana, Blueberrry), Maple Syrup.", "allergens": "", "price": "11.95", "rating": null, "image_url": null, "image": "menu_items/noimage_Y70rAK3.png"}}, {"model": "orderonline.menuitem", "pk": 11, "fields": {"category": 1, "sku": "BR11", "name": "Scrambled Egg & Toast", "description": "Scrambled Egg & Toast", "allergens": "", "price": "6.99", "rating": null, "image_url": null, "image": "menu_items/noimage_r7L0W7v.png"}}, {"model": "orderonline.menuitem", "pk": 12, "fields": {"category": 1, "sku": "BR12", "name": "Organic Creamed Porridge", "description": "Served with Banana, Fresh Berries, Cinnamon, Honey.", "allergens": "", "price": "6.00", "rating": null, "image_url": null, "image": "menu_items/noimage_iBlolDn.png"}}, {"model": "orderonline.menuitem", "pk": 13, "fields": {"category": 1, "sku": "BR13", "name": "Fruit Granola", "description": "Greek Yogurt, Granola, Banana , Fresh Berries, Chia seeds, Pumpkin Seeds, Homemade Berry Compote, Honey.", "allergens": "", "price": "6.00", "rating": null, "image_url": null, "image": "menu_items/noimage_KwiSATb.png"}}, {"model": "orderonline.menuitem", "pk": 14, "fields": {"category": 2, "sku": "SA01", "name": "Bacon Brie Ciabatta", "description": "Bacon, Brie Cheese, Onion, Tomato, Homemade Garlic Chili Mayo", "allergens": "", "price": "7.99", "rating": null, "image_url": null, "image": "menu_items/noimage_ZObzadE.png"}}, {"model": "orderonline.menuitem", "pk": 15, "fields": {"category": 2, "sku": "SA02", "name": "BL Double T", "description": "Streaky Bacon, Turkey, Red Onion , Tomato, Lettuce , Chipotle Mayo.", "allergens": "", "price": "7.99", "rating": null, "image_url": null, "image": "menu_items/noimage_AORWyQG.png"}}, {"model": "orderonline.menuitem", "pk": 16, "fields": {"category": 2, "sku": "SA03", "name": "Turkey Taco Club", "description": "Turkey, Bacon, Cheddar Cheese, Red Onion, Gherkins, Tomato, Lettuce, Taco Mayo.", "allergens": "", "price": "8.50", "rating": null, "image_url": null, "image": "menu_items/noimage_RxpWti0.png"}}, {"model": "orderonline.menuitem", "pk": 17, "fields": {"category": 2, "sku": "SA04", "name": "Croque Monsieur", "description": "Honey Roasted Ham, Cheese, Bechamel Sauce", "allergens": "", "price": "7.50", "rating": null, "image_url": null, "image": "menu_items/noimage_GCMbD3F.png"}}, {"model": "orderonline.menuitem", "pk": 18, "fields": {"category": 2, "sku": "SA05", "name": "Tuna Melt Sourdough", "description": "Tuna, Red Onion, Cheese, Mixed Peppers, Sweet Corn , Lettuce, Mayo .", "allergens": "", "price": "7.99", "rating": null, "image_url": null, "image": "menu_items/noimage_2ycHSDM.png"}}, {"model": "orderonline.menuitem", "pk": 19, "fields": {"category": 2, "sku": "SA06", "name": "Buffalo Chicken Wrap", "description": "Chicken, Cheddar Cheese, Scallions, Crispy Onions, Lettuce, Buffalo Sauce, Ranch Mayo.", "allergens": "", "price": "7.99", "rating": null, "image_url": null, "image": "menu_items/noimage_el0SoEb.png"}}, {"model": "orderonline.menuitem", "pk": 20, "fields": {"category": 2, "sku": "SA07", "name": "Italian Supreme Ciabatta", "description": "Pepperoni, Salami, Mozarella , Fresh Basil, Homemade Pesto, Rocket.", "allergens": "", "price": "8.50", "rating": null, "image_url": null, "image": "menu_items/noimage_tqPFH8y.png"}}, {"model": "orderonline.menuitem", "pk": 21, "fields": {"category": 2, "sku": "SA08", "name": "Grilled Halloumi Ciabatta", "description": "Grilled Halloumi, Cheddar Cheese, Avocado, Jalapenos , Mixed Leaves, Homemade Garlic Chili Mayo.", "allergens": "", "price": "8.50", "rating": null, "image_url": null, "image": "menu_items/noimage_J4UpJDL.png"}}, {"model": "orderonline.menuitem", "pk": 22, "fields": {"category": 2, "sku": "SA09", "name": "Grilled Chicken Tango", "description": "Chicken, Cheddar Cheese, Avocado , Tomato, Lettuce, Jalapenos, Homemade Garlic Chili Mayo.", "allergens": "", "price": "8.50", "rating": null, "image_url": null, "image": "menu_items/noimage_7e4x6RV.png"}}, {"model": "orderonline.menuitem", "pk": 23, "fields": {"category": 2, "sku": "SA10", "name": "Simply Vegetarian", "description": "Mozarella , Sundried Tomato, Mixed Leaves, Homemade Pesto, Vegan Cheese", "allergens": "", "price": "7.99", "rating": null, "image_url": null, "image": "menu_items/noimage_PCNSD6L.png"}}, {"model": "orderonline.menuitem", "pk": 24, "fields": {"category": 6, "sku": "BO01", "name": "House Tuna Salad", "description": "Mixed Leaves, Tuna , Cucumber, Beetroot, Red Onions, Mixed Peppers , Cherry Tomato, Balsamic Vinegar.", "allergens": "", "price": "9.50", "rating": null, "image_url": null, "image": "menu_items/noimage_6xtetKT.png"}}, {"model": "orderonline.menuitem", "pk": 25, "fields": {"category": 6, "sku": "BO02", "name": "Classic Caesar Salad", "description": "Crunchy Romaine Lettuce , Grilled Chicken, Crispy Bacon Bits, Parmesan, Cherry Tomato, Parmesan, Croutons.", "allergens": "", "price": "10.50", "rating": null, "image_url": null, "image": "menu_items/noimage_CT2Olxp.png"}}, {"model": "orderonline.menuitem", "pk": 26, "fields": {"category": 6, "sku": "BO02", "name": "Freshly HomeMade Soup", "description": "Homemade Soup, recipe changes every week.", "allergens": "", "price": "5.99", "rating": null, "image_url": null, "image": "menu_items/noimage_4HjAKc0.png"}}, {"model": "orderonline.menuitem", "pk": 27, "fields": {"category": 3, "sku": "BE01", "name": "Espresso", "description": "Shot of Coffee", "allergens": "", "price": "2.50", "rating": null, "image_url": null, "image": "menu_items/noimage_Lc5WxhL.png"}}, {"model": "orderonline.menuitem", "pk": 28, "fields": {"category": 3, "sku": "BE02", "name": "Americano", "description": "Shot of Coffee in Hot water.", "allergens": "", "price": "3.10", "rating": null, "image_url": null, "image": "menu_items/noimage_3w9LlE4.png"}}, {"model": "orderonline.menuitem", "pk": 29, "fields": {"category": 3, "sku": "BE03", "name": "Latte", "description": "Single Shot of Coffee in a silky steamed milk.", "allergens": "", "price": "3.40", "rating": null, "image_url": null, "image": "menu_items/noimage_K7XCtFr.png"}}, {"model": "orderonline.menuitem", "pk": 30, "fields": {"category": 3, "sku": "BE04", "name": "Cappucino", "description": "Double Shot of coffee diluted with a delicious foamy milk.", "allergens": "", "price": "3.40", "rating": null, "image_url": null, "image": "menu_items/cappucino.jpg"}}, {"model": "orderonline.menuitem", "pk": 31, "fields": {"category": 3, "sku": "BE05", "name": "Flat White", "description": "Double shot of coffee in a short amount of silky milk.", "allergens": "", "price": "3.30", "rating": null, "image_url": null, "image": "menu_items/noimage_BmN5d3T.png"}}, {"model": "orderonline.menuitem", "pk": 32, "fields": {"category": 3, "sku": "BE06", "name": "Mocha", "description": "Single shot of coffee in a silky milk, mixed with chocolate powder.", "allergens": "", "price": "3.90", "rating": null, "image_url": null, "image": "menu_items/noimage_LLVlpcR.png"}}, {"model": "orderonline.menuitem", "pk": 33, "fields": {"category": 3, "sku": "BE07", "name": "Hot Chocolate", "description": "A delicious Hot Chocolate", "allergens": "", "price": "3.50", "rating": null, "image_url": null, "image": "menu_items/noimage_uvQv1SA.png"}}, {"model": "orderonline.menuitem", "pk": 34, "fields": {"category": 3, "sku": "BE07", "name": "Chai Latte", "description": "Chai Powder mixed with a silky milk", "allergens": "", "price": "3.70", "rating": null, "image_url": null, "image": "menu_items/noimage_piQiVYD.png"}}, {"model": "orderonline.menuitem", "pk": 35, "fields": {"category": 3, "sku": "BE08", "name": "Matcha Latte", "description": "Matcha Powder mixed with a silky milk.", "allergens": "", "price": "3.80", "rating": null, "image_url": null, "image": "menu_items/noimage_YZEuL52.png"}}, {"model": "orderonline.menuitem", "pk": 36, "fields": {"category": 3, "sku": null, "name": "Tea", "description": "Large Choice of Teas.", "allergens": "", "price": "3.00", "rating": null, "image_url": null, "image": "menu_items/noimage_t2ZRSaC.png"}}, {"model": "orderonline.menuitem", "pk": 37, "fields": {"category": 4, "sku": "CD01", "name": "Iced Americano", "description": "Double shot of coffee over ice and water", "allergens": "", "price": "3.50", "rating": null, "image_url": null, "image": "menu_items/noimage_MXQJX9o.png"}}, {"model": "orderonline.menuitem", "pk": 38, "fields": {"category": 4, "sku": "CD02", "name": "Iced Latte", "description": "Double Shot of Coffee over Ice and Milk", "allergens": "", "price": "3.99", "rating": null, "image_url": null, "image": "menu_items/noimage_eBBsqaE.png"}}, {"model": "orderonline.menuitem", "pk": 39, "fields": {"category": 4, "sku": "CD03", "name": "Iced Caramel Macchiato", "description": "Double Shot of Coffee mixed with Vanilla Syrup over Ice and Milk, topped up with Caramel Sauce.", "allergens": "", "price": "4.49", "rating": null, "image_url": null, "image": "menu_items/noimage_ksV4xig.png"}}, {"model": "orderonline.menuitem", "pk": 40, "fields": {"category": 4, "sku": "CD04", "name": "Iced Mocha", "description": "Double Shot of Coffee mixed with Chocolate, over Ice and Milk", "allergens": "", "price": "4.49", "rating": null, "image_url": null, "image": "menu_items/noimage_wvJOxcW.png"}}, {"model": "orderonline.menuitem", "pk": 41, "fields": {"category": 4, "sku": "CD05", "name": "Iced Chai Latte", "description": "Chai Shot poured over Ice and Milk", "allergens": "", "price": "4.20", "rating": null, "image_url": null, "image": "menu_items/noimage_oLDQHbD.png"}}, {"model": "orderonline.menuitem", "pk": 42, "fields": {"category": 4, "sku": "CD06", "name": "Iced Matcha Latte", "description": "Matcha Shot over Ice and Milk", "allergens": "", "price": "4.49", "rating": null, "image_url": null, "image": "menu_items/noimage_3bB6DjQ.png"}}, {"model": "orderonline.menuitem", "pk": 43, "fields": {"category": 4, "sku": "CD07", "name": "Freshly Squeezed Orange Juice", "description": "Freshly Squeezed Orange Juice", "allergens": "", "price": "3.80", "rating": null, "image_url": null, "image": "menu_items/noimage_k07kGGL.png"}}, {"model": "orderonline.menuitem", "pk": 44, "fields": {"category": 4, "sku": "CD08", "name": "Green Detox Smoothie", "description": "Smoothie made with Spinach, Banana, Lemon, Apple and Apple Juice.", "allergens": "", "price": "4.50", "rating": null, "image_url": null, "image": "menu_items/noimage_vtSMoeu.png"}}, {"model": "orderonline.menuitem", "pk": 45, "fields": {"category": 4, "sku": "CD07", "name": "Sunset Smoothie", "description": "Smoothie made with Mixed Berries, Frozen Yogurt and Apple Juice.", "allergens": "", "price": "4.50", "rating": null, "image_url": null, "image": "menu_items/noimage_iJ6PiAj.png"}}, {"model": "orderonline.menuitem", "pk": 46, "fields": {"category": 4, "sku": "CD08", "name": "Palm Beach Smoothie", "description": "Smoothie made with Mango, Banana, Frozen Yogurt and Apple Juice", "allergens": "", "price": "4.50", "rating": null, "image_url": null, "image": "menu_items/noimage_17niYKj.png"}}, {"model": "orderonline.menuitem", "pk": 47, "fields": {"category": 4, "sku": "CD09", "name": "Fantasy Smoothie", "description": "Smoothie made with Mixed Berries, Mango, Frozen Yogurt and Apple Juice.", "allergens": "", "price": "4.50", "rating": null, "image_url": null, "image": "menu_items/noimage_Tu6htQ6.png"}}, {"model": "orderonline.menuitem", "pk": 48, "fields": {"category": 4, "sku": "CD09", "name": "Can", "description": "Sprite/Coke/Coke Zero/Diet Coke/Fanta Lemon/Fanta Orange/Schweppes", "allergens": "", "price": "2.50", "rating": null, "image_url": null, "image": "menu_items/noimage_e2ylias.png"}}, {"model": "orderonline.menuitemingredient", "pk": 7, "fields": {"menu_item": 3, "ingredient": 1, "option": 1, "price": "3.50", "is_optional": true}}, {"model": "orderonline.menuitemingredient", "pk": 8, "fields": {"menu_item": 3, "ingredient": 3, "option": null, "price": "4.00", "is_optional": true}}, {"model": "orderonline.menuitemingredient", "pk": 9, "fields": {"menu_item": 3, "ingredient": 4, "option": null, "price": "3.50", "is_optional": true}}, {"model": "orderonline.menuitemingredient", "pk": 10, "fields": {"menu_item": 28, "ingredient": 7, "option": 9, "price": "0.50", "is_optional": true}}, {"model": "orderonline.menuitemingredient", "pk": 11, "fields": {"menu_item": 28, "ingredient": 8, "option": 9, "price": "0.50", "is_optional": true}}, {"model": "orderonline.menuitemingredient", "pk": 13, "fields": {"menu_item": 28, "ingredient": 9, "option": 9, "price": "0.50", "is_optional": true}}, {"model": "orderonline.menuitemingredient", "pk": 14, "fields": {"menu_item": 28, "ingredient": 10, "option": 9, "price": "0.50", "is_optional": true}}, {"model": "orderonline.menuitemingredient", "pk": 15, "fields": {"menu_item": 28, "ingredient": 11, "option": null, "price": "0.40", "is_optional": true}}, {"model": "orderonline.menuitemingredient", "pk": 16, "fields": {"menu_item": 28, "ingredient": 13, "option": null, "price": "0.40", "is_optional": true}}, {"model": "orderonline.menuitemingredient", "pk": 17, "fields": {"menu_item": 28, "ingredient": 14, "option": null, "price": "0.40", "is_optional": true}}, {"model": "orderonline.menuitemingredient", "pk": 18, "fields": {"menu_item": 28, "ingredient": 15, "option": 8, "price": "0.40", "is_optional": true}}, {"model": "orderonline.menuitemingredient", "pk": 19, "fields": {"menu_item": 28, "ingredient": 16, "option": 8, "price": "0.40", "is_optional": true}}, {"model": "orderonline.menuitemingredient", "pk": 20, "fields": {"menu_item": 28, "ingredient": 17, "option": 8, "price": "0.40", "is_optional": true}}, {"model": "orderonline.menuitemingredient", "pk": 22, "fields": {"menu_item": 28, "ingredient": 18, "option": 8, "price": "0.40", "is_optional": true}}, {"model": "orderonline.menuitemingredient", "pk": 23, "fields": {"menu_item": 29, "ingredient": 7, "option": 9, "price": "0.50", "is_optional": true}}, {"model": "orderonline.menuitemingredient", "pk": 24, "fields": {"menu_item": 29, "ingredient": 8, "option": 9, "price": "0.50", "is_optional": true}}, {"model": "orderonline.menuitemingredient", "pk": 25, "fields": {"menu_item": 29, "ingredient": 9, "option": 9, "price": "0.50", "is_optional": true}}, {"model": "orderonline.menuitemingredient", "pk": 26, "fields": {"menu_item": 29, "ingredient": 10, "option": 9, "price": "0.50", "is_optional": true}}, {"model": "orderonline.menuitemingredient", "pk": 27, "fields": {"menu_item": 29, "ingredient": 11, "option": null, "price": "0.40", "is_optional": true}}, {"model": "orderonline.menuitemingredient", "pk": 28, "fields": {"menu_item": 29, "ingredient": 13, "option": null, "price": "0.40", "is_optional": true}}, {"model": "orderonline.menuitemingredient", "pk": 29, "fields": {"menu_item": 29, "ingredient": 14, "option": null, "price": "0.40", "is_optional": true}}, {"model": "orderonline.menuitemingredient", "pk": 30, "fields": {"menu_item": 29, "ingredient": 15, "option": 8, "price": "0.40", "is_optional": true}}, {"model": "orderonline.menuitemingredient", "pk": 31, "fields": {"menu_item": 29, "ingredient": 16, "option": 8, "price": "0.40", "is_optional": true}}, {"model": "orderonline.menuitemingredient", "pk": 32, "fields": {"menu_item": 29, "ingredient": 17, "option": 8, "price": "0.40", "is_optional": true}}, {"model": "orderonline.menuitemingredient", "pk": 33, "fields": {"menu_item": 29, "ingredient": 18, "option": 8, "price": "0.40", "is_optional": true}}, {"model": "orderonline.menuitemingredient", "pk": 34, "fields": {"menu_item": 30, "ingredient": 7, "option": 9, "price": "0.50", "is_optional": true}}, {"model": "orderonline.menuitemingredient", "pk": 35, "fields": {"menu_item": 30, "ingredient": 8, "option": 9, "price": "0.50", "is_optional": true}}, {"model": "orderonline.menuitemingredient", "pk": 36, "fields": {"menu_item": 30, "ingredient": 9, "option": 9, "price": "0.50", "is_optional": true}}, {"model": "orderonline.menuitemingredient", "pk": 37, "fields": {"menu_item": 30, "ingredient": 10, "option": 9, "price": "0.50", "is_optional": true}}, {"model": "orderonline.menuitemingredient", "pk": 38, "fields": {"menu_item": 30, "ingredient": 11, "option": null, "price": "0.40", "is_optional": true}}, {"model": "orderonline.menuitemingredient", "pk": 39, "fields": {"menu_item": 30, "ingredient": 13, "option": null, "price": "0.40", "is_optional": true}}, {"model": "orderonline.menuitemingredient", "pk": 40, "fields": {"menu_item": 30, "ingredient": 14, "option": null, "price": "0.40", "is_optional": true}}, {"model": "orderonline.menuitemingredient", "pk": 42, "fields": {"menu_item": 30, "ingredient": 15, "option": 8, "price": "0.40", "is_optional": true}}, {"model": "orderonline.menuitemingredient", "pk": 43, "fields": {"menu_item": 30, "ingredient": 16, "option": 8, "price": "0.40", "is_optional": true}}, {"model": "orderonline.menuitemingredient", "pk": 45, "fields": {"menu_item": 30, "ingredient": 17, "option": 8, "price": "0.40", "is_optional": true}}, {"model": "orderonline.menuitemingredient", "pk": 46, "fields": {"menu_item": 30, "ingredient": 18, "option": 8, "price": "0.40", "is_optional": true}}, {"model": "orderonline.menuitemingredient", "pk": 47, "fields": {"menu_item": 31, "ingredient": 7, "option": 9, "price": "0.50", "is_optional": true}}, {"model": "orderonline.menuitemingredient", "pk": 48, "fields": {"menu_item": 31, "ingredient": 8, "option": 9, "price": "0.50", "is_optional": true}}, {"model": "orderonline.menuitemingredient", "pk": 49, "fields": {"menu_item": 31, "ingredient": 9, "option": 9, "price": "0.50", "is_optional": true}}, {"model": "orderonline.menuitemingredient", "pk": 50, "fields": {"menu_item": 31, "ingredient": 10, "option": 9, "price": "0.50", "is_optional": true}}, {"model": "orderonline.menuitemingredient", "pk": 51, "fields": {"menu_item": 31, "ingredient": 11, "option": null, "price": "0.40", "is_optional": true}}, {"model": "orderonline.menuitemingredient", "pk": 52, "fields": {"menu_item": 31, "ingredient": 13, "option": null, "price": "0.40", "is_optional": true}}, {"model": "orderonline.menuitemingredient", "pk": 53, "fields": {"menu_item": 31, "ingredient": 14, "option": null, "price": "0.40", "is_optional": true}}, {"model": "orderonline.menuitemingredient", "pk": 55, "fields": {"menu_item": 31, "ingredient": 15, "option": 8, "price": "0.40", "is_optional": true}}, {"model": "orderonline.menuitemingredient", "pk": 56, "fields": {"menu_item": 31, "ingredient": 16, "option": 8, "price": "0.40", "is_optional": true}}, {"model": "orderonline.menuitemingredient", "pk": 58, "fields": {"menu_item": 31, "ingredient": 17, "option": 8, "price": "0.40", "is_optional": true}}, {"model": "orderonline.menuitemingredient", "pk": 59, "fields": {"menu_item": 31, "ingredient": 18, "option": 8, "price": "0.40", "is_optional": true}}, {"model": "orderonline.menuitemingredient", "pk": 60, "fields": {"menu_item": 32, "ingredient": 8, "option": 9, "price": "0.50", "is_optional": true}}, {"model": "orderonline.menuitemingredient", "pk": 61, "fields": {"menu_item": 32, "ingredient": 7, "option": 9, "price": "0.50", "is_optional": true}}, {"model": "orderonline.menuitemingredient", "pk": 62, "fields": {"menu_item": 32, "ingredient": 9, "option": 9, "price": "0.50", "is_optional": true}}, {"model": "orderonline.menuitemingredient", "pk": 63, "fields": {"menu_item": 32, "ingredient": 10, "option": 9, "price": "0.50", "is_optional": true}}, {"model": "orderonline.menuitemingredient", "pk": 64, "fields": {"menu_item": 32, "ingredient": 11, "option": null, "price": "0.40", "is_optional": true}}, {"model": "orderonline.menuitemingredient", "pk": 65, "fields": {"menu_item": 32, "ingredient": 13, "option": null, "price": "0.40", "is_optional": true}}, {"model": "orderonline.menuitemingredient", "pk": 66, "fields": {"menu_item": 32, "ingredient": 14, "option": null, "price": "0.40", "is_optional": true}}, {"model": "orderonline.menuitemingredient", "pk": 67, "fields": {"menu_item": 32, "ingredient": 15, "option": 8, "price": "0.40", "is_optional": true}}, {"model": "orderonline.menuitemingredient", "pk": 69, "fields": {"menu_item": 32, "ingredient": 16, "option": 8, "price": "0.40", "is_optional": true}}, {"model": "orderonline.menuitemingredient", "pk": 70, "fields": {"menu_item": 32, "ingredient": 17, "option": 8, "price": "0.40", "is_optional": true}}, {"model": "orderonline.menuitemingredient", "pk": 71, "fields": {"menu_item": 32, "ingredient": 18, "option": 8, "price": "0.40", "is_optional": true}}, {"model": "orderonline.menuitemingredient", "pk": 72, "fields": {"menu_item": 33, "ingredient": 7, "option": 9, "price": "0.50", "is_optional": true}}, {"model": "orderonline.menuitemingredient", "pk": 73, "fields": {"menu_item": 33, "ingredient": 8, "option": 9, "price": "0.50", "is_optional": true}}, {"model": "orderonline.menuitemingredient", "pk": 74, "fields": {"menu_item": 33, "ingredient": 9, "option": 9, "price": "0.50", "is_optional": true}}, {"model": "orderonline.menuitemingredient", "pk": 75, "fields": {"menu_item": 33, "ingredient": 10, "option": 9, "price": "0.50", "is_optional": true}}, {"model": "orderonline.menuitemingredient", "pk": 76, "fields": {"menu_item": 33, "ingredient": 13, "option": null, "price": "0.40", "is_optional": true}}, {"model": "orderonline.menuitemingredient", "pk": 77, "fields": {"menu_item": 33, "ingredient": 14, "option": null, "price": "0.40", "is_optional": true}}, {"model": "orderonline.menuitemingredient", "pk": 79, "fields": {"menu_item": 33, "ingredient": 15, "option": 8, "price": "0.40", "is_optional": true}}, {"model": "orderonline.menuitemingredient", "pk": 80, "fields": {"menu_item": 33, "ingredient": 16, "option": 8, "price": "0.40", "is_optional": true}}, {"model": "orderonline.menuitemingredient", "pk": 81, "fields": {"menu_item": 33, "ingredient": 17, "option": 8, "price": "0.40", "is_optional": true}}, {"model": "orderonline.menuitemingredient", "pk": 82, "fields": {"menu_item": 33, "ingredient": 18, "option": 8, "price": "0.40", "is_optional": true}}, {"model": "orderonline.menuitemingredient", "pk": 83, "fields": {"menu_item": 34, "ingredient": 7, "option": 9, "price": "0.50", "is_optional": true}}, {"model": "orderonline.menuitemingredient", "pk": 84, "fields": {"menu_item": 34, "ingredient": 8, "option": 9, "price": "0.50", "is_optional": true}}, {"model": "orderonline.menuitemingredient", "pk": 85, "fields": {"menu_item": 34, "ingredient": 9, "option": 9, "price": "0.50", "is_optional": true}}, {"model": "orderonline.menuitemingredient", "pk": 87, "fields": {"menu_item": 34, "ingredient": 10, "option": 9, "price": "0.50", "is_optional": true}}, {"model": "orderonline.menuitemingredient", "pk": 88, "fields": {"menu_item": 34, "ingredient": 11, "option": null, "price": "0.40", "is_optional": true}}, {"model": "orderonline.menuitemingredient", "pk": 89, "fields": {"menu_item": 34, "ingredient": 13, "option": null, "price": "0.40", "is_optional": true}}, {"model": "orderonline.menuitemingredient", "pk": 90, "fields": {"menu_item": 34, "ingredient": 14, "option": null, "price": "0.40", "is_optional": true}}, {"model": "orderonline.menuitemingredient", "pk": 91, "fields": {"menu_item": 34, "ingredient": 15, "option": 8, "price": "0.40", "is_optional": true}}, {"model": "orderonline.menuitemingredient", "pk": 92, "fields": {"menu_item": 34, "ingredient": 16, "option": 8, "price": "0.40", "is_optional": true}}, {"model": "orderonline.menuitemingredient", "pk": 93, "fields": {"menu_item": 34, "ingredient": 17, "option": 8, "price": "0.40", "is_optional": true}}, {"model": "orderonline.menuitemingredient", "pk": 94, "fields": {"menu_item": 34, "ingredient": 18, "option": 8, "price": "0.40", "is_optional": true}}, {"model": "orderonline.menuitemingredient", "pk": 95, "fields": {"menu_item": 35, "ingredient": 7, "option": 9, "price": "0.50", "is_optional": true}}, {"model": "orderonline.menuitemingredient", "pk": 96, "fields": {"menu_item": 35, "ingredient": 8, "option": 9, "price": "0.50", "is_optional": true}}, {"model": "orderonline.menuitemingredient", "pk": 97, "fields": {"menu_item": 35, "ingredient": 9, "option": 9, "price": "0.50", "is_optional": true}}, {"model": "orderonline.menuitemingredient", "pk": 98, "fields": {"menu_item": 35, "ingredient": 10, "option": 9, "price": "0.50", "is_optional": true}}, {"model": "orderonline.menuitemingredient", "pk": 99, "fields": {"menu_item": 35, "ingredient": 11, "option": null, "price": "0.40", "is_optional": true}}, {"model": "orderonline.menuitemingredient", "pk": 100, "fields": {"menu_item": 35, "ingredient": 13, "option": null, "price": "0.40", "is_optional": true}}, {"model": "orderonline.menuitemingredient", "pk": 101, "fields": {"menu_item": 35, "ingredient": 14, "option": null, "price": "0.40", "is_optional": true}}, {"model": "orderonline.menuitemingredient", "pk": 102, "fields": {"menu_item": 35, "ingredient": 15, "option": 8, "price": "0.40", "is_optional": true}}, {"model": "orderonline.menuitemingredient", "pk": 104, "fields": {"menu_item": 35, "ingredient": 16, "option": 8, "price": "0.40", "is_optional": true}}, {"model": "orderonline.menuitemingredient", "pk": 105, "fields": {"menu_item": 35, "ingredient": 17, "option": 8, "price": "0.40", "is_optional": true}}, {"model": "orderonline.menuitemingredient", "pk": 106, "fields": {"menu_item": 35, "ingredient": 18, "option": 8, "price": "0.40", "is_optional": true}}, {"model": "orderonline.menuitemingredient", "pk": 108, "fields": {"menu_item": 27, "ingredient": 24, "option": null, "price": "0.40", "is_optional": true}}, {"model": "orderonline.menuitemingredient", "pk": 109, "fields": {"menu_item": 28, "ingredient": 24, "option": null, "price": "0.40", "is_optional": true}}, {"model": "orderonline.menuitemingredient", "pk": 110, "fields": {"menu_item": 29, "ingredient": 24, "option": null, "price": "0.40", "is_optional": true}}, {"model": "orderonline.menuitemingredient", "pk": 111, "fields": {"menu_item": 30, "ingredient": 24, "option": null, "price": "0.40", "is_optional": true}}, {"model": "orderonline.menuitemingredient", "pk": 112, "fields": {"menu_item": 32, "ingredient": 24, "option": null, "price": "0.40", "is_optional": true}}, {"model": "orderonline.menuitemingredient", "pk": 113, "fields": {"menu_item": 33, "ingredient": 24, "option": null, "price": "0.40", "is_optional": true}}, {"model": "orderonline.menuitemingredient", "pk": 114, "fields": {"menu_item": 34, "ingredient": 24, "option": null, "price": "0.20", "is_optional": true}}, {"model": "orderonline.menuitemingredient", "pk": 115, "fields": {"menu_item": 35, "ingredient": 24, "option": null, "price": "0.40", "is_optional": true}}, {"model": "orderonline.menuitemingredient", "pk": 116, "fields": {"menu_item": 37, "ingredient": 7, "option": 9, "price": "0.50", "is_optional": true}}, {"model": "orderonline.menuitemingredient", "pk": 117, "fields": {"menu_item": 37, "ingredient": 8, "option": 9, "price": "0.50", "is_optional": true}}, {"model": "orderonline.menuitemingredient", "pk": 119, "fields": {"menu_item": 37, "ingredient": 9, "option": 9, "price": "0.50", "is_optional": true}}, {"model": "orderonline.menuitemingredient", "pk": 120, "fields": {"menu_item": 37, "ingredient": 10, "option": 9, "price": "0.50", "is_optional": true}}, {"model": "orderonline.menuitemingredient", "pk": 121, "fields": {"menu_item": 37, "ingredient": 11, "option": null, "price": "0.40", "is_optional": true}}, {"model": "orderonline.menuitemingredient", "pk": 122, "fields": {"menu_item": 37, "ingredient": 13, "option": null, "price": "0.40", "is_optional": true}}, {"model": "orderonline.menuitemingredient", "pk": 123, "fields": {"menu_item": 37, "ingredient": 15, "option": 8, "price": "0.40", "is_optional": true}}, {"model": "orderonline.menuitemingredient", "pk": 124, "fields": {"menu_item": 37, "ingredient": 16, "option": 8, "price": "0.40", "is_optional": true}}, {"model": "orderonline.menuitemingredient", "pk": 125, "fields": {"menu_item": 37, "ingredient": 17, "option": 8, "price": "0.40", "is_optional": true}}, {"model": "orderonline.menuitemingredient", "pk": 126, "fields": {"menu_item": 37, "ingredient": 18, "option": 8, "price": "0.40", "is_optional": true}}, {"model": "orderonline.menuitemingredient", "pk": 127, "fields": {"menu_item": 38, "ingredient": 7, "option": 9, "price": "0.50", "is_optional": true}}, {"model": "orderonline.menuitemingredient", "pk": 128, "fields": {"menu_item": 38, "ingredient": 8, "option": 9, "price": "0.50", "is_optional": true}}, {"model": "orderonline.menuitemingredient", "pk": 129, "fields": {"menu_item": 38, "ingredient": 9, "option": 9, "price": "0.50", "is_optional": true}}, {"model": "orderonline.menuitemingredient", "pk": 130, "fields": {"menu_item": 38, "ingredient": 10, "option": 9, "price": "0.50", "is_optional": true}}, {"model": "orderonline.menuitemingredient", "pk": 131, "fields": {"menu_item": 38, "ingredient": 11, "option": null, "price": "0.40", "is_optional": true}}, {"model": "orderonline.menuitemingredient", "pk": 132, "fields": {"menu_item": 38, "ingredient": 15, "option": 8, "price": "0.40", "is_optional": true}}, {"model": "orderonline.menuitemingredient", "pk": 133, "fields": {"menu_item": 38, "ingredient": 16, "option": 8, "price": "0.40", "is_optional": true}}, {"model": "orderonline.menuitemingredient", "pk": 134, "fields": {"menu_item": 38, "ingredient": 17, "option": 8, "price": "0.40", "is_optional": true}}, {"model": "orderonline.menuitemingredient", "pk": 135, "fields": {"menu_item": 38, "ingredient": 18, "option": 8, "price": "0.40", "is_optional": true}}, {"model": "orderonline.menuitemingredient", "pk": 136, "fields": {"menu_item": 39, "ingredient": 7, "option": 9, "price": "0.50", "is_optional": true}}, {"model": "orderonline.menuitemingredient", "pk": 137, "fields": {"menu_item": 39, "ingredient": 8, "option": 9, "price": "0.50", "is_optional": true}}, {"model": "orderonline.menuitemingredient", "pk": 138, "fields": {"menu_item": 39, "ingredient": 9, "option": 9, "price": "0.50", "is_optional": true}}, {"model": "orderonline.menuitemingredient", "pk": 139, "fields": {"menu_item": 39, "ingredient": 10, "option": 9, "price": "0.50", "is_optional": true}}, {"model": "orderonline.menuitemingredient", "pk": 140, "fields": {"menu_item": 39, "ingredient": 11, "option": null, "price": "0.40", "is_optional": true}}, {"model": "orderonline.menuitemingredient", "pk": 141, "fields": {"menu_item": 40, "ingredient": 7, "option": 9, "price": "0.50", "is_optional": true}}, {"model": "orderonline.menuitemingredient", "pk": 142, "fields": {"menu_item": 40, "ingredient": 8, "option": 9, "price": "0.50", "is_optional": true}}, {"model": "orderonline.menuitemingredient", "pk": 144, "fields": {"menu_item": 40, "ingredient": 9, "option": 9, "price": "0.50", "is_optional": true}}, {"model": "orderonline.menuitemingredient", "pk": 145, "fields": {"menu_item": 40, "ingredient": 10, "option": 9, "price": "0.50", "is_optional": true}}, {"model": "orderonline.menuitemingredient", "pk": 146, "fields": {"menu_item": 40, "ingredient": 11, "option": null, "price": "0.50", "is_optional": true}}, {"model": "orderonline.menuitemingredient", "pk": 147, "fields": {"menu_item": 41, "ingredient": 7, "option": 9, "price": "0.50", "is_optional": true}}, {"model": "orderonline.menuitemingredient", "pk": 148, "fields": {"menu_item": 41, "ingredient": 8, "option": 9, "price": "0.50", "is_optional": true}}, {"model": "orderonline.menuitemingredient", "pk": 149, "fields": {"menu_item": 41, "ingredient": 9, "option": 9, "price": "0.50", "is_optional": true}}, {"model": "orderonline.menuitemingredient", "pk": 150, "fields": {"menu_item": 41, "ingredient": 10, "option": 9, "price": "0.50", "is_optional": true}}, {"model": "orderonline.menuitemingredient", "pk": 151, "fields": {"menu_item": 41, "ingredient": 11, "option": null, "price": "0.50", "is_optional": true}}, {"model": "orderonline.menuitemingredient", "pk": 152, "fields": {"menu_item": 42, "ingredient": 7, "option": 9, "price": "0.50", "is_optional": true}}, {"model": "orderonline.menuitemingredient", "pk": 153, "fields": {"menu_item": 42, "ingredient": 8, "option": 9, "price": "0.50", "is_optional": true}}, {"model": "orderonline.menuitemingredient", "pk": 155, "fields": {"menu_item": 42, "ingredient": 9, "option": 9, "price": "0.50", "is_optional": true}}, {"model": "orderonline.menuitemingredient", "pk": 156, "fields": {"menu_item": 42, "ingredient": 10, "option": 9, "price": "0.50", "is_optional": true}}, {"model": "orderonline.menuitemingredient", "pk": 159, "fields": {"menu_item": 1, "ingredient": 1, "option": 1, "price": "0.00", "is_optional": false}}, {"model": "orderonline.menuitemingredient", "pk": 160, "fields": {"menu_item": 1, "ingredient": 2, "option": 1, "price": "0.00", "is_optional": false}}, {"model": "orderonline.menuitemingredient", "pk": 162, "fields": {"menu_item": 1, "ingredient": 5, "option": 3, "price": "0.00", "is_optional": false}}, {"model": "orderonline.menuitemingredient", "pk": 163, "fields": {"menu_item": 1, "ingredient": 6, "option": 3, "price": "0.00", "is_optional": false}}, {"model": "orderonline.menuitemingredient", "pk": 164, "fields": {"menu_item": 2, "ingredient": 1, "option": 1, "price": "0.00", "is_optional": false}}, {"model": "orderonline.menuitemingredient", "pk": 165, "fields": {"menu_item": 2, "ingredient": 2, "option": 1, "price": "0.00", "is_optional": false}}, {"model": "orderonline.menuitemingredient", "pk": 166, "fields": {"menu_item": 2, "ingredient": 5, "option": 3, "price": "0.00", "is_optional": false}}, {"model": "orderonline.menuitemingredient", "pk": 167, "fields": {"menu_item": 2, "ingredient": 6, "option": 3, "price": "0.00", "is_optional": false}}, {"model": "orderonline.menuitemingredient", "pk": 168, "fields": {"menu_item": 2, "ingredient": 12, "option": 1, "price": "0.00", "is_optional": false}}, {"model": "orderonline.menuitemingredient", "pk": 169, "fields": {"menu_item": 3, "ingredient": 2, "option": 1, "price": "3.50", "is_optional": true}}, {"model": "orderonline.menuitemingredient", "pk": 170, "fields": {"menu_item": 3, "ingredient": 12, "option": 1, "price": "3.50", "is_optional": true}}, {"model": "orderonline.menuitemingredient", "pk": 171, "fields": {"menu_item": 30, "ingredient": 19, "option": 6, "price": "0.00", "is_optional": true}}, {"model": "orderonline.menuitemingredient", "pk": 172, "fields": {"menu_item": 30, "ingredient": 20, "option": 6, "price": "0.00", "is_optional": true}}, {"model": "orderonline.menuitemingredient", "pk": 173, "fields": {"menu_item": 9, "ingredient": 4, "option": 5, "price": "0.00", "is_optional": false}}, {"model": "orderonline.menuitemingredient", "pk": 174, "fields": {"menu_item": 9, "ingredient": 21, "option": 5, "price": "0.00", "is_optional": false}}, {"model": "orderonline.menuitemingredient", "pk": 175, "fields": {"menu_item": 10, "ingredient": 4, "option": 5, "price": "0.00", "is_optional": false}}, {"model": "orderonline.menuitemingredient", "pk": 176, "fields": {"menu_item": 10, "ingredient": 21, "option": 5, "price": "0.00", "is_optional": false}}, {"model": "orderonline.menuitemingredient", "pk": 177, "fields": {"menu_item": 28, "ingredient": 22, "option": 9, "price": "0.00", "is_optional": false}}, {"model": "orderonline.menuitemingredient", "pk": 178, "fields": {"menu_item": 29, "ingredient": 22, "option": 9, "price": "0.00", "is_optional": false}}, {"model": "orderonline.menuitemingredient", "pk": 179, "fields": {"menu_item": 30, "ingredient": 22, "option": 9, "price": "0.00", "is_optional": false}}, {"model": "orderonline.menuitemingredient", "pk": 180, "fields": {"menu_item": 31, "ingredient": 22, "option": 9, "price": "0.00", "is_optional": false}}, {"model": "orderonline.menuitemingredient", "pk": 181, "fields": {"menu_item": 32, "ingredient": 22, "option": 9, "price": "0.00", "is_optional": false}}, {"model": "orderonline.menuitemingredient", "pk": 182, "fields": {"menu_item": 33, "ingredient": 22, "option": 9, "price": "0.00", "is_optional": false}}, {"model": "orderonline.menuitemingredient", "pk": 183, "fields": {"menu_item": 34, "ingredient": 22, "option": 9, "price": "0.00", "is_optional": false}}, {"model": "orderonline.menuitemingredient", "pk": 184, "fields": {"menu_item": 35, "ingredient": 22, "option": 9, "price": "0.00", "is_optional": false}}, {"model": "orderonline.menuitemingredient", "pk": 185, "fields": {"menu_item": 36, "ingredient": 22, "option": 9, "price": "0.00", "is_optional": false}}, {"model": "orderonline.menuitemingredient", "pk": 186, "fields": {"menu_item": 38, "ingredient": 22, "option": 9, "price": "0.00", "is_optional": false}}, {"model": "orderonline.menuitemingredient", "pk": 187, "fields": {"menu_item": 39, "ingredient": 22, "option": 9, "price": "0.00", "is_optional": false}}, {"model": "orderonline.menuitemingredient", "pk": 188, "fields": {"menu_item": 40, "ingredient": 22, "option": 9, "price": "0.00", "is_optional": false}}, {"model": "orderonline.menuitemingredient", "pk": 190, "fields": {"menu_item": 41, "ingredient": 22, "option": 9, "price": "0.00", "is_optional": false}}, {"model": "orderonline.menuitemingredient", "pk": 191, "fields": {"menu_item": 42, "ingredient": 22, "option": 9, "price": "0.00", "is_optional": false}}, {"model": "orderonline.menuitemingredient", "pk": 192, "fields": {"menu_item": 28, "ingredient": 25, "option": 8, "price": "0.00", "is_optional": false}}, {"model": "orderonline.menuitemingredient", "pk": 193, "fields": {"menu_item": 29, "ingredient": 25, "option": 8, "price": "0.00", "is_optional": false}}, {"model": "orderonline.menuitemingredient", "pk": 194, "fields": {"menu_item": 30, "ingredient": 25, "option": 8, "price": "0.00", "is_optional": false}}, {"model": "orderonline.menuitemingredient", "pk": 196, "fields": {"menu_item": 31, "ingredient": 25, "option": 8, "price": "0.00", "is_optional": false}}, {"model": "orderonline.menuitemingredient", "pk": 197, "fields": {"menu_item": 32, "ingredient": 25, "option": 8, "price": "0.00", "is_optional": false}}, {"model": "orderonline.menuitemingredient", "pk": 198, "fields": {"menu_item": 33, "ingredient": 25, "option": 8, "price": "0.00", "is_optional": false}}, {"model": "orderonline.menuitemingredient", "pk": 199, "fields": {"menu_item": 34, "ingredient": 25, "option": 8, "price": "0.00", "is_optional": false}}, {"model": "orderonline.menuitemingredient", "pk": 200, "fields": {"menu_item": 35, "ingredient": 25, "option": 8, "price": "0.00", "is_optional": false}}, {"model": "orderonline.menuitemingredient", "pk": 201, "fields": {"menu_item": 37, "ingredient": 25, "option": 8, "price": "0.00", "is_optional": false}}, {"model": "orderonline.menuitemingredient", "pk": 202, "fields": {"menu_item": 38, "ingredient": 25, "option": 8, "price": "0.00", "is_optional": false}}, {"model": "orderonline.menuitemingredient", "pk": 203, "fields": {"menu_item": 39, "ingredient": 25, "option": 8, "price": "0.00", "is_optional": false}}, {"model": "orderonline.menuitemingredient", "pk": 204, "fields": {"menu_item": 40, "ingredient": 25, "option": 8, "price": "0.00", "is_optional": false}}, {"model": "orderonline.menuitemingredient", "pk": 205, "fields": {"menu_item": 41, "ingredient": 25, "option": 8, "price": "0.00", "is_optional": false}}, {"model": "orderonline.menuitemingredient", "pk": 206, "fields": {"menu_item": 42, "ingredient": 25, "option": 8, "price": "0.00", "is_optional": false}}, {"model": "orderonline.menuitemingredient", "pk": 207, "fields": {"menu_item": 30, "ingredient": 26, "option": 6, "price": "0.00", "is_optional": false}}, {"model": "orderonline.menuitemingredient", "pk": 208, "fields": {"menu_item": 12, "ingredient": 7, "option": 9, "price": "0.50", "is_optional": true}}, {"model": "orderonline.menuitemingredient", "pk": 209, "fields": {"menu_item": 12, "ingredient": 8, "option": 9, "price": "0.50", "is_optional": true}}, {"model": "orderonline.menuitemingredient", "pk": 210, "fields": {"menu_item": 12, "ingredient": 9, "option": 9, "price": "0.50", "is_optional": true}}, {"model": "orderonline.menuitemingredient", "pk": 211, "fields": {"menu_item": 12, "ingredient": 10, "option": 9, "price": "0.50", "is_optional": true}}, {"model": "orderonline.menuitemingredient", "pk": 212, "fields": {"menu_item": 12, "ingredient": 22, "option": 9, "price": "0.00", "is_optional": false}}, {"model": "orderonline.menuitemingredient", "pk": 213, "fields": {"menu_item": 4, "ingredient": 1, "option": 1, "price": "0.00", "is_optional": false}}, {"model": "orderonline.menuitemingredient", "pk": 214, "fields": {"menu_item": 4, "ingredient": 2, "option": 1, "price": "0.00", "is_optional": false}}, {"model": "orderonline.menuitemingredient", "pk": 215, "fields": {"menu_item": 5, "ingredient": 1, "option": 1, "price": "0.00", "is_optional": false}}, {"model": "orderonline.menuitemingredient", "pk": 216, "fields": {"menu_item": 5, "ingredient": 2, "option": 1, "price": "0.00", "is_optional": false}}, {"model": "orderonline.menuitemingredient", "pk": 217, "fields": {"menu_item": 11, "ingredient": 5, "option": 3, "price": "0.00", "is_optional": false}}, {"model": "orderonline.menuitemingredient", "pk": 218, "fields": {"menu_item": 11, "ingredient": 6, "option": 3, "price": "0.00", "is_optional": false}}, {"model": "orderonline.menuitemingredient", "pk": 219, "fields": {"menu_item": 15, "ingredient": 5, "option": 3, "price": "0.00", "is_optional": true}}, {"model": "orderonline.menuitemingredient", "pk": 220, "fields": {"menu_item": 15, "ingredient": 6, "option": 3, "price": "0.00", "is_optional": false}}, {"model": "orderonline.menuitemingredient", "pk": 221, "fields": {"menu_item": 19, "ingredient": 27, "option": 10, "price": "0.00", "is_optional": true}}, {"model": "orderonline.menuitemingredient", "pk": 222, "fields": {"menu_item": 19, "ingredient": 28, "option": 10, "price": "0.00", "is_optional": true}}, {"model": "orderonline.menuitemingredient", "pk": 223, "fields": {"menu_item": 3, "ingredient": 29, "option": 1, "price": "0.00", "is_optional": true}}, {"model": "orderonline.ingredientoption", "pk": 1, "fields": {"category": null, "name": "Egg Style", "single_select": false, "menu_items": [1, 2, 4, 5]}}, {"model": "orderonline.ingredientoption", "pk": 3, "fields": {"category": null, "name": "Toast Choice", "single_select": false, "menu_items": [1, 2, 6, 11, 15]}}, {"model": "orderonline.ingredientoption", "pk": 5, "fields": {"category": null, "name": "Toppings", "single_select": false, "menu_items": [9, 10]}}, {"model": "orderonline.ingredientoption", "pk": 6, "fields": {"category": null, "name": "Cappucino Topping", "single_select": false, "menu_items": [30]}}, {"model": "orderonline.ingredientoption", "pk": 8, "fields": {"category": null, "name": "Syrup Choice", "single_select": true, "menu_items": [27, 28, 29, 30, 31, 32, 33, 34, 35, 37, 38, 39, 40, 41, 42]}}, {"model": "orderonline.ingredientoption", "pk": 9, "fields": {"category": null, "name": "Milk Choice", "single_select": true, "menu_items": [28, 29, 30, 31, 32, 33, 34, 35, 36, 38, 39, 40, 41, 42]}}, {"model": "orderonline.ingredientoption", "pk": 10, "fields": {"category": null, "name": "Wrap Choice", "single_select": false, "menu_items": []}}, {"model": "orderonline.ingredient", "pk": 1, "fields": {"name": "Fried Egg"}}, {"model": "orderonline.ingredient", "pk": 2, "fields": {"name": "Scrambled Egg"}}, {"model": "orderonline.ingredient", "pk": 3, "fields": {"name": "Salmon"}}, {"model": "orderonline.ingredient", "pk": 4, "fields": {"name": "Streaky Bacon"}}, {"model": "orderonline.ingredient", "pk": 5, "fields": {"name": "White Toast"}}, {"model": "orderonline.ingredient", "pk": 6, "fields": {"name": "Brown Toast"}}, {"model": "orderonline.ingredient", "pk": 7, "fields": {"name": "Oat Milk"}}, {"model": "orderonline.ingredient", "pk": 8, "fields": {"name": "Coconut Milk"}}, {"model": "orderonline.ingredient", "pk": 9, "fields": {"name": "Almond Milk"}}, {"model": "orderonline.ingredient", "pk": 10, "fields": {"name": "Soya Milk"}}, {"model": "orderonline.ingredient", "pk": 11, "fields": {"name": "Extra Shot"}}, {"model": "orderonline.ingredient", "pk": 12, "fields": {"name": "Poached Egg"}}, {"model": "orderonline.ingredient", "pk": 13, "fields": {"name": "Cream"}}, {"model": "orderonline.ingredient", "pk": 14, "fields": {"name": "Marshmallow"}}, {"model": "orderonline.ingredient", "pk": 15, "fields": {"name": "Caramel Syrup"}}, {"model": "orderonline.ingredient", "pk": 16, "fields": {"name": "Hazelnut Syrup"}}, {"model": "orderonline.ingredient", "pk": 17, "fields": {"name": "Vanilla Syrup"}}, {"model": "orderonline.ingredient", "pk": 18, "fields": {"name": "Pumpkin Spice Syrup"}}, {"model": "orderonline.ingredient", "pk": 19, "fields": {"name": "Chocolate Powder"}}, {"model": "orderonline.ingredient", "pk": 20, "fields": {"name": "Cinnamon Powder"}}, {"model": "orderonline.ingredient", "pk": 21, "fields": {"name": "Fruits"}}, {"model": "orderonline.ingredient", "pk": 22, "fields": {"name": "Cow Milk"}}, {"model": "orderonline.ingredient", "pk": 23, "fields": {"name": "No Topping"}}, {"model": "orderonline.ingredient", "pk": 24, "fields": {"name": "Make it Large"}}, {"model": "orderonline.ingredient", "pk": 25, "fields": {"name": "No Syrup"}}, {"model": "orderonline.ingredient", "pk": 26, "fields": {"name": "No Powder"}}, {"model": "orderonline.ingredient", "pk": 27, "fields": {"name": "Spinach Wrap"}}, {"model": "orderonline.ingredient", "pk": 28, "fields": {"name": "Plain Wrap"}}, {"model": "orderonline.ingredient", "pk": 29, "fields": {"name": "No Egg"}}, {"model": "orderonline.menuitemincludeditem", "pk": 1, "fields": {"menu_item": 1, "included_item": 28, "price": "0.00"}}, {"model": "orderonline.menuitemincludeditem", "pk": 2, "fields": {"menu_item": 1, "included_item": 36, "price": "0.00"}}, {"model": "orderonline.menuitemincludeditem", "pk": 3, "fields": {"menu_item": 1, "included_item": 27, "price": "0.00"}}, {"model": "orderonline.menuitemincludeditem", "pk": 4, "fields": {"menu_item": 1, "included_item": 29, "price": "0.50"}}, {"model": "orderonline.menuitemincludeditem", "pk": 5, "fields": {"menu_item": 1, "included_item": 30, "price": "0.50"}}, {"model": "orderonline.menuitemincludeditem", "pk": 6, "fields": {"menu_item": 1, "included_item": 31, "price": "0.50"}}, {"model": "orderonline.menuitemincludeditem", "pk": 7, "fields": {"menu_item": 2, "included_item": 27, "price": "0.00"}}, {"model": "orderonline.menuitemincludeditem", "pk": 8, "fields": {"menu_item": 2, "included_item": 28, "price": "0.00"}}, {"model": "orderonline.menuitemincludeditem", "pk": 9, "fields": {"menu_item": 2, "included_item": 36, "price": "0.00"}}, {"model": "orderonline.menuitemincludeditem", "pk": 10, "fields": {"menu_item": 2, "included_item": 29, "price": "0.50"}}, {"model": "orderonline.menuitemincludeditem", "pk": 11, "fields": {"menu_item": 2, "included_item": 30, "price": "0.50"}}, {"model": "orderonline.menuitemincludeditem", "pk": 12, "fields": {"menu_item": 2, "included_item": 31, "price": "0.50"}}, {"model": "orderonline.menuitemincludeditem", "pk": 13, "fields": {"menu_item": 14, "included_item": 26, "price": "2.50"}}, {"model": "orderonline.menuitemincludeditem", "pk": 14, "fields": {"menu_item": 15, "included_item": 26, "price": "2.50"}}, {"model": "orderonline.menuitemincludeditem", "pk": 15, "fields": {"menu_item": 16, "included_item": 26, "price": "2.50"}}, {"model": "orderonline.menuitemincludeditem", "pk": 16, "fields": {"menu_item": 17, "included_item": 26, "price": "2.50"}}, {"model": "orderonline.menuitemincludeditem", "pk": 18, "fields": {"menu_item": 18, "included_item": 26, "price": "2.50"}}, {"model": "orderonline.menuitemincludeditem", "pk": 19, "fields": {"menu_item": 19, "included_item": 26, "price": "2.50"}}, {"model": "orderonline.menuitemincludeditem", "pk": 20, "fields": {"menu_item": 20, "included_item": 26, "price": "2.50"}}, {"model": "orderonline.menuitemincludeditem", "pk": 21, "fields": {"menu_item": 21, "included_item": 26, "price": "2.50"}}, {"model": "orderonline.menuitemincludeditem", "pk": 22, "fields": {"menu_item": 22, "included_item": 26, "price": "2.50"}}, {"model": "orderonline.menuitemincludeditem", "pk": 23, "fields": {"menu_item": 23, "included_item": 26, "price": "2.50"}}, {"model": "orderonline.menuitemincludeditem", "pk": 24, "fields": {"menu_item": 1, "included_item": 48, "price": "0.00"}}, {"model": "orderonline.menuitemincludeditem", "pk": 25, "fields": {"menu_item": 2, "included_item": 48, "price": "0.00"}}, {"model": "orderonline.menuitemincludeditem", "pk": 26, "fields": {"menu_item": 1, "included_item": 32, "price": "1.00"}}, {"model": "orderonline.menuitemincludeditem", "pk": 27, "fields": {"menu_item": 1, "included_item": 33, "price": "0.50"}}, {"model": "orderonline.menuitemincludeditem", "pk": 28, "fields": {"menu_item": 1, "included_item": 34, "price": "1.00"}}, {"model": "orderonline.menuitemincludeditem", "pk": 29, "fields": {"menu_item": 1, "included_item": 35, "price": "1.50"}}, {"model": "orderonline.menuitemincludeditem", "pk": 30, "fields": {"menu_item": 1, "included_item": 37, "price": "2.00"}}, {"model": "orderonline.menuitemincludeditem", "pk": 31, "fields": {"menu_item": 1, "included_item": 38, "price": "2.00"}}, {"model": "orderonline.menuitemincludeditem", "pk": 32, "fields": {"menu_item": 1, "included_item": 39, "price": "2.00"}}, {"model": "orderonline.menuitemincludeditem", "pk": 33, "fields": {"menu_item": 1, "included_item": 40, "price": "2.00"}}, {"model": "orderonline.menuitemincludeditem", "pk": 34, "fields": {"menu_item": 1, "included_item": 41, "price": "2.00"}}, {"model": "orderonline.menuitemincludeditem", "pk": 35, "fields": {"menu_item": 1, "included_item": 42, "price": "2.00"}}, {"model": "orderonline.menuitemincludeditem", "pk": 36, "fields": {"menu_item": 1, "included_item": 43, "price": "2.00"}}, {"model": "orderonline.menuitemincludeditem", "pk": 37, "fields": {"menu_item": 1, "included_item": 44, "price": "2.50"}}, {"model": "orderonline.menuitemincludeditem", "pk": 38, "fields": {"menu_item": 1, "included_item": 45, "price": "2.50"}}, {"model": "orderonline.menuitemincludeditem", "pk": 39, "fields": {"menu_item": 1, "included_item": 46, "price": "2.50"}}, {"model": "orderonline.menuitemincludeditem", "pk": 40, "fields": {"menu_item": 1, "included_item": 47, "price": "2.50"}}, {"model": "orderonline.menuitemincludeditem", "pk": 41, "fields": {"menu_item": 2, "included_item": 32, "price": "1.00"}}, {"model": "orderonline.menuitemincludeditem", "pk": 42, "fields": {"menu_item": 2, "included_item": 33, "price": "0.50"}}, {"model": "orderonline.menuitemincludeditem", "pk": 43, "fields": {"menu_item": 2, "included_item": 34, "price": "1.00"}}, {"model": "orderonline.menuitemincludeditem", "pk": 44, "fields": {"menu_item": 2, "included_item": 35, "price": "1.50"}}, {"model": "orderonline.menuitemincludeditem", "pk": 45, "fields": {"menu_item": 2, "included_item": 37, "price": "2.00"}}, {"model": "orderonline.menuitemincludeditem", "pk": 46, "fields": {"menu_item": 2, "included_item": 38, "price": "2.00"}}, {"model": "orderonline.menuitemincludeditem", "pk": 48, "fields": {"menu_item": 2, "included_item": 39, "price": "2.00"}}, {"model": "orderonline.menuitemincludeditem", "pk": 49, "fields": {"menu_item": 2, "included_item": 40, "price": "2.00"}}, {"model": "orderonline.menuitemincludeditem", "pk": 50, "fields": {"menu_item": 2, "included_item": 41, "price": "2.00"}}, {"model": "orderonline.menuitemincludeditem", "pk": 51, "fields": {"menu_item": 2, "included_item": 42, "price": "2.00"}}, {"model": "orderonline.menuitemincludeditem", "pk": 52, "fields": {"menu_item": 2, "included_item": 43, "price": "2.00"}}, {"model": "orderonline.menuitemincludeditem", "pk": 54, "fields": {"menu_item": 2, "included_item": 44, "price": "2.50"}}, {"model": "orderonline.menuitemincludeditem", "pk": 55, "fields": {"menu_item": 2, "included_item": 45, "price": "2.50"}}, {"model": "orderonline.menuitemincludeditem", "pk": 56, "fields": {"menu_item": 2, "included_item": 46, "price": "2.50"}}, {"model": "orderonline.menuitemincludeditem", "pk": 57, "fields": {"menu_item": 2, "included_item": 47, "price": "2.50"}}]
